site_id,lat,lon,n_observations,n_after_gapfill,n_interpolated,gap_fill_method,span_years,completeness,max_gap_spacing,year_min,year_max,mean_alt,median_alt,std_alt,class_classification,class_confidence,class_p_rapid_thickening,class_p_gradual_thickening,class_p_thickening,class_p_no_trend,class_p_gradual_thinning,class_p_rapid_thinning,class_p_thinning,class_flag_significant,class_flag_low_power,class_evidence,trend_sen_slope,trend_mk_pvalue,trend_mk_z,trend_sen_ci_lower,trend_sen_ci_upper,trend_sen_ci_excludes_zero,trend_min_meaningful_slope,trend_min_slope_residual,trend_min_slope_bootstrap,trend_quant_floor,trend_trend_significant,trend_slope_meaningful,trend_has_longterm_direction,trend_low_power,trend_n_years,trend_span_years,rev_early_sen_slope,rev_early_ci_lower,rev_early_ci_upper,rev_early_ci_excludes_zero,rev_recent_sen_slope,rev_recent_ci_lower,rev_recent_ci_upper,rev_recent_ci_excludes_zero,rev_recent_direction,rev_reversal,rev_early_n,rev_recent_n,MainRegion
61.67758230_8.36930570,61.6775823,8.3693057,25,26,1,pchip,26,0.961538461538462,2,1999,2024,228.230769230769,231.5,14.8574767502633,gradual_thickening,high,0.149,0.549,0.698,0.247,0.051,0.004,0.055,True,False,Sen=1.111 cm/yr; SIG,1.11111111111111,0.0814365168158799,1.74241120399274,-0.415,1.6025,False,0.633323529411765,0.196524768221085,0.633323529411765,0.0288461538461538,True,True,True,False,26,26,3,-8.5,7.58333333333333,False,-0.25,-1,0.666666666666667,False,0,False,7,7,Scandinavia
61.88778000_-121.60170000,61.88778,-121.6017,10,10,0,none,10,1,1,1999,2008,124,120,5.16397779494322,no_trend,moderate,0.193,0.165,0.358,0.641,0,0.001,0.001,True,True,Sen=0.000 cm/yr; SIG; LOW_PWR,0,0.0917480714039338,1.68624784798279,0,2,False,0.926625,0.268741924943285,0.926625,0.5,True,False,False,True,10,10,0,0,0,False,0,-7.5,5,False,0,False,5,5,Canada
62.01330000_129.65683000,62.0133,129.65683,16,16,0,none,16,1,1,2008,2023,222.25,222.5,3.27617663341483,gradual_thickening,high,0.008,0.93,0.938,0.061,0.001,0,0.001,True,False,Sen=0.613 cm/yr; SIG,0.6125,0.089022795957707,1.70057513820442,0.25,1,True,0.09884,0.0595665768978991,0.09884,0.03125,True,True,True,False,16,16,0.666666666666667,0.333333333333333,1.75,True,0.75,0.570833333333333,1.75,True,1,False,7,7,Russia
62.29580000_9.35200000,62.2958,9.352,17,18,1,pchip,23,0.739130434782609,6,2002,2024,555.781194771162,540,75.74230205704,rapid_thickening,high,1,0,1,0,0,0,0,True,False,Sen=5.778 cm/yr; SIG,5.77777777777778,0.0345580656460751,2.11349917387696,3.16666666666667,11.9963820070048,True,0.189521025870481,0.189521025870481,1.70654078355005,0.108695652173913,True,True,True,False,18,23,5.5,1,12.938494119081,True,31.4,3,40.6666666666667,True,1,False,7,7,Scandinavia
62.31618000_129.49952000,62.31618,129.49952,16,16,0,none,16,1,1,2008,2023,149.75,148,4.78191035744781,no_trend,high,0.07,0.478,0.548,0.36,0.072,0.02,0.092,True,False,Sen=0.160 cm/yr; SIG,0.16025641025641,0.0148832775656629,2.43520688199987,-0.828819444444444,1.50833333333333,False,0.119483947417535,0.119483947417535,0.55068,0.03125,True,True,True,False,16,16,0,-1.25,2.66666666666667,False,2,-2.5,4,False,0,False,7,7,Russia
62.69667000_-123.06500000,62.69667,-123.065,8,8,0,none,8,1,1,2001,2008,125,125,5.34522483824849,gradual_thickening,low,0.317,0.087,0.404,0.585,0,0.011,0.011,False,True,Sen=0.714 cm/yr; LOW_PWR,0.714285714285714,0.112351197690464,1.58771324027147,0,3.33333333333333,False,1.2355,2.81867174467887e-15,1.2355,0.625,False,False,False,True,8,8,NaN,NaN,NaN,False,NaN,NaN,NaN,False,0,False,0,0,Canada
64.56667000_177.20000000,64.56667,177.2,27,28,1,pchip,28,0.964285714285714,2,1996,2023,87.9943181818182,89,8.02893933770724,gradual_thickening,high,0.048,0.648,0.696,0.209,0.092,0.003,0.095,True,False,Sen=0.357 cm/yr; SIG,0.357142857142857,0.0907712422724809,1.69134336489293,-0.560064935064935,1.26193181818182,False,0.25416,0.070529672800019,0.25416,0.0178571428571429,True,True,True,False,28,28,0.333333333333333,-1,1.5,False,-1,-2,-0.416666666666667,True,-1,False,7,7,Russia
64.63333000_176.96670000,64.63333,176.9667,14,14,0,none,14,1,1,2010,2023,79,78.5,5.42075782383011,gradual_thinning,low,0.007,0.01,0.017,0.28,0.602,0.101,0.703,False,False,Sen=-0.333 cm/yr,-0.333333333333333,0.267082162065991,-1.10980709321968,-1.5025,0.25,False,0.59304,0.231280970251378,0.59304,0.0357142857142857,False,False,False,False,14,14,1.25,-3,2.5,False,0.25,-3,1.81999999999998,False,0,False,7,7,Russia
64.71444440_-148.14527780,64.7144444,-148.1452778,34,35,1,pchip,35,0.971428571428571,2,1990,2024,156.243521403969,94,113.99429859605,rapid_thickening,high,0.969,0.02,0.989,0.01,0,0.001,0.001,True,False,Sen=8.792 cm/yr; SIG,8.79166666666667,0.0504636317783997,1.95601292303139,1.66666666666667,17.905,True,0.164296301107955,0.164296301107955,4.50990603154305,0.0714285714285714,True,True,True,False,35,35,5.75,-13.5,6.7538748564868,False,17.4,17.4,21.5,True,1,False,7,7,Alaska
64.77770000_-141.10954000,64.7777,-141.10954,10,11,1,pchip,11,0.909090909090909,2,2009,2019,88.4318181818182,90,13.1719830080226,no_trend,low,0.351,0.044,0.395,0.449,0.08,0.076,0.156,False,True,Sen=0.000 cm/yr; LOW_PWR,0,0.670467179794389,0.425506917706471,-2,5,False,1.2355,0.323645357113878,1.2355,0.198863636363636,False,False,False,True,11,11,0,-20,21.5,False,5,-1,6.25,False,0,False,5,5,Alaska
64.78333000_176.96670000,64.78333,176.9667,30,30,0,none,30,1,1,1994,2023,64.3333333333333,65.5,6.81951223522891,gradual_thickening,moderate,0.012,0.692,0.704,0.283,0.013,0,0.013,False,False,Sen=0.400 cm/yr,0.4,0.151822004373213,1.4331253981099,0,0.97840909090909,False,0.0549938544014057,0.0549938544014057,0.310494973776224,0.025,False,True,False,False,30,30,-0.5,-1.75,4.5,False,-1,-1.6,1.08333333333333,False,0,False,7,7,Russia
64.84420000_-163.72020000,64.8442,-163.7202,15,16,1,pchip,16,0.9375,2,2008,2023,121.592312116564,123.988496932515,9.13592231447779,gradual_thickening,high,0.224,0.538,0.762,0.131,0.079,0.028,0.107,True,False,Sen=0.951 cm/yr; SIG,0.950892857142857,0.0685264151255625,1.82152944385535,-0.379642857142857,3.40126424189308,False,0.666421212121212,0.24021034906736,0.666421212121212,0.0625,True,True,True,False,16,16,-0.333333333333333,-8.25,7.58333333333333,False,0.761503067484661,-2.52300613496932,4.5,False,0,False,7,7,Alaska
64.88000000_-147.67000000,64.88,-147.67,19,19,0,none,19,1,1,2005,2023,100.368421052632,90,22.6352982120006,rapid_thickening,high,0.928,0.07,0.998,0,0.002,0,0.002,True,False,Sen=3.056 cm/yr; SIG,3.05555555555556,0.0454685285773484,2.00029398112329,1,6,True,0.105177123423563,0.105177123423563,1.60615,0.0789473684210526,True,True,True,False,19,19,0,-1,2,False,8.2,4.83333333333333,11.6666666666667,True,1,False,7,7,Alaska
64.90000000_-147.81666670,64.9,-147.8166667,56,56,0,none,56,1,1,1969,2024,92.6607142857143,71.5,46.9464982858008,gradual_thickening,high,0.299,0.701,1,0,0,0,0,True,False,Sen=1.051 cm/yr; SIG,1.05070603337612,0.00488819683802921,2.81431063088472,0.61517094017094,3,True,0.0234875486729525,0.0234875486729525,0.34064766214178,0.0133928571428571,True,True,True,False,56,56,-0.5,-1,1.33333333333333,False,5.8,3.875,8.125,True,1,False,7,7,Alaska
64.91667000_-125.58330000,64.91667,-125.5833,9,9,0,none,9,1,1,1988,1996,77.4650131544444,80.55555556,10.4750841375232,rapid_thickening,high,0.909,0.046,0.955,0.004,0.022,0.019,0.041,True,True,Sen=2.348 cm/yr; SIG; LOW_PWR,2.348371269625,0.0476039547278715,1.98088693354221,0.757575759999995,4.484265735,True,0.693000655333001,0.645466290652907,0.693000655333001,0.224503488888889,True,True,True,True,9,9,NaN,NaN,NaN,False,NaN,NaN,NaN,False,0,False,0,0,Canada
65.16666670_-147.90000000,65.1666667,-147.9,50,50,0,none,53,0.943396226415094,4,1972,2024,61.92,62,6.27219324983417,no_trend,moderate,0,0.106,0.106,0.894,0,0,0,False,False,Sen=0.200 cm/yr,0.2,0.124848956225654,1.5347349130607,0,0.333333333333333,False,0.0754314401738732,0.0283530193128188,0.0754314401738732,0.00943396226415094,False,True,False,False,50,53,NaN,NaN,NaN,False,NaN,NaN,NaN,False,0,False,0,0,Alaska
65.19306000_-126.46890000,65.19306,-126.4689,11,11,0,none,11,1,1,1998,2008,94.3636363636364,95,8.29786390913622,gradual_thinning,moderate,0.168,0.071,0.239,0.06,0.262,0.439,0.701,False,True,Sen=-1.050 cm/yr; LOW_PWR,-1.05,0.578565617375233,-0.555481124490679,-3.5,2.00937499999999,False,0.293720630870699,0.293720630870699,1.840895,0.113636363636364,False,True,False,True,11,11,-5.25,-10.125,-1.67500000000011,True,3.1875,-1.25,9.5,False,0,False,5,5,Canada
65.28333000_-126.88330000,65.28333,-126.8833,8,8,0,none,8,1,1,1989,1996,95.23710757,89.736842105,36.4604985031009,gradual_thinning,low,0.332,0.13,0.462,0.052,0.1,0.386,0.486,False,True,Sen=-0.364 cm/yr; LOW_PWR,-0.364035087666667,1,0,-26.4868380166667,33.3050198333333,False,5,2.62177480659798,5.7743368419492,0.15625,False,False,False,True,8,8,NaN,NaN,NaN,False,NaN,NaN,NaN,False,0,False,0,0,Canada
65.31486100_72.86419400,65.314861,72.864194,26,26,0,none,26,1,1,1997,2022,201.538461538462,200,13.4736209512685,no_trend,low,0.007,0.135,0.142,0.858,0,0,0,False,False,Sen=0.000 cm/yr,0,0.177728065589616,1.34778337808422,0,0.833333333333333,False,0.293682477026532,0.126877099838296,0.293682477026532,0.192307692307692,False,False,False,False,26,26,0,0,5,False,0,0,0,False,0,False,7,7,Russia
65.45400000_-164.62680000,65.454,-164.6268,15,16,1,pchip,16,0.9375,2,2008,2023,103.5,100.5,9.72796655696006,gradual_thickening,low,0.113,0.537,0.65,0.227,0.064,0.059,0.123,False,False,Sen=0.637 cm/yr,0.6375,0.214784752660707,1.24051558680759,-1.33333333333333,1.5,False,0.679525,0.300694029175086,0.679525,0.0703125,False,False,False,False,16,16,-0.875,-3.33333333333333,13.8062500000001,False,0,-6.125,3.25,False,0,False,7,7,Alaska
65.53966700_-171.63023000,65.539667,-171.63023,15,15,0,none,15,1,1,2010,2024,99.85,100.75,9.09415039619268,rapid_thickening,high,0.786,0.19,0.976,0.01,0.012,0.002,0.014,True,False,Sen=1.625 cm/yr; SIG,1.625,0.117617474348032,1.56485260276507,0.671875,2.91666666666667,True,0.550359090909091,0.151495059162842,0.550359090909091,0.0541666666666667,True,True,True,False,15,15,2,-3.25,4.23749999999996,False,-1,-2.63541666666667,2.25,False,0,False,7,7,Russia
65.60000000_-171.05000000,65.6,-171.05,25,25,0,none,25,1,1,2000,2024,100.7404,100.5,5.97195353297395,gradual_thickening,high,0.001,0.758,0.759,0.22,0.02,0.001,0.021,True,False,Sen=0.301 cm/yr; SIG,0.301315789473684,0.216099342074726,1.23696697871784,0.0193928571428574,0.75,True,0.13899375,0.0825298586467902,0.13899375,0.01,True,True,True,False,25,25,-0.708333333333333,-3,0.71875,False,-3.35,-4.4375,-0.75,True,-1,False,7,7,Russia
65.65724000_-149.08443000,65.65724,-149.08443,8,8,0,none,8,1,1,2009,2016,82.875,84.5,7.10005030163268,no_trend,low,0.196,0.172,0.368,0.383,0.118,0.131,0.249,False,True,Sen=0.000 cm/yr; LOW_PWR,0,1,0,-4,2.5,False,0.9884,0.526470939708112,0.9884,0.1875,False,False,False,True,8,8,NaN,NaN,NaN,False,NaN,NaN,NaN,False,0,False,0,0,Alaska
66.31325000_76.90347800,66.31325,76.903478,15,15,0,none,15,1,1,2008,2022,181.383333333333,180,14.3604325773816,no_trend,low,0.195,0.104,0.299,0.446,0.076,0.179,0.255,False,False,Sen=0.000 cm/yr,0,0.630075223644386,0.481620974300952,-1.95993303571429,4.25,False,0.960320454545454,0.396173782561425,0.960320454545454,0.179166666666667,False,False,False,False,15,15,-2.83333333333333,-18.5,10,False,0,-5.5,0,False,0,False,7,7,Russia
66.45000000_-150.61666670,66.45,-150.6166667,25,29,4,pchip,29,0.862068965517241,3,1996,2024,55.766422684884,55,6.2004708138453,gradual_thickening,high,0.002,0.847,0.849,0.15,0.001,0,0.001,True,False,Sen=0.500 cm/yr; SIG,0.5,0.0700426922333623,1.81163448867844,0.166025641025641,0.619345238095238,True,0.125263391812866,0.0509273195650225,0.125263391812866,0.0172413793103448,True,True,True,False,29,29,0.211851851851851,-1.73358446890287,3.17037037037037,False,2,-0.75,3.75,False,0,False,7,7,Alaska
66.69666700_66.35888900,66.696667,66.358889,9,9,0,none,9,1,1,2013,2021,147.888888888889,150,26.2747238065619,rapid_thickening,low,0.418,0.041,0.459,0.162,0.002,0.377,0.379,False,True,Sen=2.900 cm/yr; LOW_PWR,2.9,0.598161452683528,0.52704627669473,-9.2,12.5,False,5,2.23145129400644,5.4362,0.694444444444444,False,False,False,True,9,9,NaN,NaN,NaN,False,NaN,NaN,NaN,False,0,False,0,0,Russia
66.70916700_66.56777800,66.709167,66.567778,9,9,0,none,9,1,1,2013,2021,135.555555555556,129,21.3782080113787,rapid_thickening,high,0.854,0.099,0.953,0.007,0.012,0.028,0.04,True,True,Sen=5.188 cm/yr; SIG; LOW_PWR,5.1875,0.117850895021365,1.56385810542806,0.333333333333333,9.75,True,0.942327385372154,0.942327385372154,5.1891,0.166666666666667,True,True,True,True,9,9,NaN,NaN,NaN,False,NaN,NaN,NaN,False,0,False,0,0,Russia
66.72348300_66.08048800,66.723483,66.080488,8,8,0,none,8,1,1,2016,2023,197.125,200,7.35696948478108,no_trend,low,0.006,0.003,0.009,0.594,0.268,0.129,0.397,False,True,Sen=0.000 cm/yr; LOW_PWR,0,0.188445417242706,-1.31519189844286,-2.43333333333333,0,False,0.724389110446405,0.724389110446405,0.4942,0.65625,False,False,False,True,8,8,NaN,NaN,NaN,False,NaN,NaN,NaN,False,0,False,0,0,Russia
66.87932000_-64.69728000,66.87932,-64.69728,9,9,0,none,9,1,1,2009,2017,53.3333333333333,54.5,9.41740410091868,rapid_thinning,moderate,0.03,0.009,0.039,0.041,0.126,0.794,0.92,False,True,Sen=-1.795 cm/yr; LOW_PWR,-1.79464285714286,0.142213241936392,-1.46759877141069,-6.5,0,False,1.350225,0.60567568343933,1.350225,0.194444444444444,False,True,False,True,9,9,NaN,NaN,NaN,False,NaN,NaN,NaN,False,0,False,0,0,Canada
67.06556000_62.92508000,67.06556,62.92508,12,12,0,none,12,1,1,2012,2023,144.583333333333,150,12.0488274294324,no_trend,low,0.13,0.029,0.159,0.49,0.086,0.265,0.351,False,False,Sen=0.000 cm/yr,0,0.777985035820792,-0.281945844806079,-4.4,4,False,0.7413,0.21390760196508,0.7413,0.333333333333333,False,False,False,False,12,12,0,-15,0,False,8,0.5,10.0375,True,1,False,6,6,Russia
67.33333000_63.73333000,67.33333,63.73333,24,25,1,pchip,25,0.96,2,1998,2022,199.2,200,7.9320026895272,no_trend,low,0,0,0,0.951,0.049,0,0.049,False,False,Sen=0.000 cm/yr,0,0.21772641724617,-1.23259630216607,-0.294117647058824,0,False,0.1,0.0704568940065021,0.0845232149399229,0.1,False,False,False,False,25,25,3,-0.5,8.375,False,0,0,0,False,0,False,7,7,Russia
67.47791000_76.69529000,67.47791,76.69529,14,15,1,pchip,15,0.933333333333333,2,2008,2022,130.108314808934,130,18.5420952096643,rapid_thickening,high,0.949,0.015,0.964,0.004,0.003,0.029,0.032,True,False,Sen=3.286 cm/yr; SIG,3.28571428571429,0.112999029362886,1.5848561149273,1.24930555555556,6.66666666666667,True,0.288958108271214,0.288958108271214,1.45618385201651,0.183333333333333,True,True,True,False,15,15,2.58333333333333,-2.75,6.5,False,-1.8,-7.87527786598918,12.8499999999999,False,0,False,7,7,Russia
67.48135000_86.43470000,67.48135,86.4347,15,16,1,pchip,16,0.9375,2,2008,2023,161.375,157.5,16.6097361006529,rapid_thickening,high,0.953,0.036,0.989,0.009,0.002,0,0.002,True,False,Sen=1.844 cm/yr; SIG,1.84444444444444,0.0842542692868871,1.72651796992678,1.33333333333333,5,True,0.88956,0.258085746809997,0.88956,0.0703125,True,True,True,False,16,16,0,0,6,False,0.5,-7,10.0625,False,0,False,7,7,Russia
67.58333000_64.18333000,67.58333,64.18333,28,28,0,none,28,1,1,1996,2023,120.875,123,14.7941899256281,rapid_thickening,high,0.878,0.093,0.971,0.029,0,0,0,True,False,Sen=1.613 cm/yr; SIG,1.61324786324786,0.0461632092309394,1.99389793909823,1,1.83295454545455,True,0.146200833333333,0.0592708898052258,0.146200833333333,0.0290178571428571,True,True,True,False,28,28,1.4375,0.25,2.25,True,3.66666666666667,0.666666666666667,5.5,True,1,False,7,7,Russia
67.79500000_-134.12610000,67.795,-134.1261,10,11,1,pchip,11,0.909090909090909,2,1998,2008,110.999536178108,109.5,5.22537981425015,gradual_thickening,low,0.127,0.562,0.689,0.168,0.109,0.034,0.143,False,True,Sen=0.500 cm/yr; LOW_PWR,0.5,0.410837537597785,0.822420637770455,-1.00085034013605,1.50510204081633,False,0.563539285714284,0.25907367272851,0.563539285714284,0.0568181818181818,False,False,False,True,11,11,-1.97916666666667,-3.5,4.5833333333333,False,2.68813775510204,-3.25,8.62627551020408,False,0,False,5,5,Canada
68.06910000_-149.58040000,68.0691,-149.5804,23,27,4,pchip,27,0.851851851851852,3,1996,2022,59.1234567901235,57.1851851851852,6.80738632661375,gradual_thickening,high,0.008,0.643,0.651,0.342,0.006,0.001,0.007,True,False,Sen=0.328 cm/yr; SIG,0.327635327635327,0.0989588196433586,1.64992234601163,0.0909090909090909,0.857142857142857,True,0.213792539173788,0.0879804196581823,0.213792539173788,0.0185185185185185,True,True,True,False,27,27,0,-1.38271604938272,0.648148148148145,False,-2.12962962962963,-4.66666666666667,0.462962962962962,False,0,False,7,7,Alaska
68.23333000_53.85000000,68.23333,53.85,13,13,0,none,13,1,1,2010,2022,129.538461538462,124,28.9096736538002,rapid_thickening,high,0.847,0.096,0.943,0.027,0.021,0.009,0.03,True,False,Sen=4.697 cm/yr; SIG,4.6969696969697,0.0422648259560612,2.03090309315902,0.2,7.10416666666665,True,2.2239,1.02432335907662,2.2239,0.153846153846154,True,True,True,False,13,13,4.25,-4,16,False,8.4,1,27,True,1,False,6,6,Russia
68.30000000_54.50000000,68.3,54.5,19,21,2,pchip,21,0.904761904761905,2,1999,2019,139.218253968254,136,11.3091186226498,gradual_thinning,moderate,0.05,0.019,0.069,0.041,0.627,0.263,0.89,False,False,Sen=-0.677 cm/yr,-0.677083333333333,0.265634446194251,-1.11317227827542,-2,1.25624999999999,False,0.137635930258419,0.137635930258419,0.555197412587413,0.0476190476190476,False,True,False,False,21,21,4,0.25,5,True,-0.5,-1.5,0.833333333333329,False,0,False,7,7,Russia
68.33333000_18.83333000,68.33333,18.83333,46,46,0,none,46,1,1,1978,2023,110.038695652174,109.5,21.0309467857563,gradual_thickening,high,0.074,0.732,0.806,0.134,0.06,0,0.06,True,False,Sen=0.684 cm/yr; SIG,0.684210526315789,0.0753045540524893,1.7786049374955,-0.366785714285714,1.38235294117647,False,0.0706344217164219,0.0706344217164219,0.463358947368421,0.0179347826086956,True,True,True,False,46,46,0.333333333333333,-6,1.83333333333333,False,0,-8.75,4,False,0,False,7,7,Scandinavia
68.47740000_-149.50240000,68.4774,-149.5024,23,27,4,pchip,27,0.851851851851852,3,1996,2022,79.3912903074285,79,10.5226408522485,no_trend,low,0.032,0.522,0.554,0.377,0.062,0.007,0.069,False,False,Sen=0.083 cm/yr,0.0833333333333333,0.70158398444221,0.383183131443878,-0.428571428571429,1.03226809954751,False,0.403222272727273,0.11293785662456,0.403222272727273,0.0185185185185185,False,False,False,False,27,27,-4.19736842105263,-6.35197368421053,-2.04934210526316,True,-3,-5.10754127621597,-1,True,-1,False,7,7,Alaska
68.48333000_-155.73330000,68.48333,-155.7333,18,23,5,pchip,23,0.782608695652174,3,2000,2022,96.1719384241145,98,10.4060368114033,no_trend,low,0.117,0.464,0.581,0.317,0.1,0.002,0.102,False,False,Sen=0.114 cm/yr,0.113960113960114,0.815908334667936,0.23281078903499,-0.572023809523809,1.53033752059694,False,0.148136808998077,0.148136808998077,0.621493939393939,0.0353995602187672,False,False,False,False,23,23,1.4,-6.89761567052391,8.75337977006329,False,-2,-14,3.42438271604938,False,0,False,7,7,Alaska
68.51667000_161.43330000,68.51667,161.4333,27,28,1,pchip,28,0.964285714285714,2,1996,2023,90.1110119047619,89.4,11.7581282746229,gradual_thinning,high,0,0.028,0.028,0.173,0.775,0.024,0.799,True,False,Sen=-0.750 cm/yr; SIG,-0.75,0.0374860507955979,-2.08043064581396,-1.22531512605042,0.0909090909090909,False,0.39124166666666,0.142670723228943,0.39124166666666,0.0178571428571429,True,True,True,False,28,28,-4.25,-9,1,False,-0.0800000000000011,-6.9,5.35,False,0,False,7,7,Russia
68.61140000_-149.31010000,68.6114,-149.3101,29,29,0,none,29,1,1,1995,2023,78.7241379310345,77,11.1871946940756,gradual_thickening,moderate,0.275,0.609,0.884,0.1,0.014,0.002,0.016,False,False,Sen=0.681 cm/yr,0.68070652173913,0.193030145259185,1.301667292174,0,1.88888888888889,False,0.0994581177490766,0.0994581177490766,0.5780375,0.0172413793103448,False,True,False,False,29,29,0.5,-5.16666666666667,3.75,False,-3,-5.75,2.5,False,0,False,7,7,Alaska
68.62150000_-149.60630000,68.6215,-149.6063,29,29,0,none,29,1,1,1995,2023,81.7672413793103,82,7.339938154932,no_trend,moderate,0.007,0.24,0.247,0.726,0.027,0,0.027,False,False,Sen=0.217 cm/yr,0.216517857142857,0.225298036978629,1.21256013813569,-0.0875599943534726,0.600624999999999,False,0.102958333333333,0.0934025456520209,0.102958333333333,0.0129310344827586,False,True,False,False,29,29,0.666666666666667,0,4.5,False,-0.8,-2.6875,0.25,False,0,False,7,7,Alaska
68.68472000_-134.14580000,68.68472,-134.1458,8,9,1,pchip,9,0.888888888888889,2,2000,2008,130.333333333333,130,1,no_trend,low,0.002,0.01,0.012,0.985,0,0.003,0.003,False,True,Sen=0.000 cm/yr; LOW_PWR,0,0.561275836134578,0.580947501931113,0,0,False,0.166666666666667,0.0839921051131616,0.0713089323183866,0.166666666666667,False,False,False,True,9,9,NaN,NaN,NaN,False,NaN,NaN,NaN,False,0,False,0,0,Canada
68.70000000_161.55000000,68.7,161.55,15,15,0,none,15,1,1,2003,2017,109.666666666667,100,25.1386630701074,rapid_thickening,high,0.461,0.127,0.588,0.214,0.088,0.11,0.198,True,False,Sen=2.333 cm/yr; SIG,2.33333333333333,0.0713417552540507,1.80329590602654,-3.25,4.9,False,2.00151,0.594997460517251,2.00151,0.133333333333333,True,True,True,False,15,15,8,0.5,30,True,7.16666666666667,-15,28.2916666666667,False,0,False,7,7,Russia
68.71667000_161.53330000,68.71667,161.5333,11,11,0,none,14,0.785714285714286,4,2003,2016,176.909090909091,177,7.16176717653605,no_trend,low,0.021,0.178,0.199,0.206,0.555,0.04,0.595,False,False,Sen=-0.167 cm/yr,-0.166666666666667,0.821313003490934,-0.225856536117487,-1.25,0.934343434343434,False,0.655456818181818,0.262715196318023,0.655456818181818,0.0892857142857143,False,False,False,False,11,14,NaN,NaN,NaN,False,NaN,NaN,NaN,False,0,False,0,0,Russia
68.73333000_158.90000000,68.73333,158.9,17,17,0,none,17,1,1,2007,2023,85.5882352941177,84,13.8712779851453,gradual_thickening,high,0.473,0.416,0.889,0.077,0.024,0.01,0.034,True,False,Sen=1.217 cm/yr; SIG,1.21666666666667,0.0663160067907591,1.83628168685,0,3,False,0.778365,0.436066371693673,0.778365,0.0852941176470588,True,True,True,False,17,17,3,0,5,False,1.76,-4.66666666666667,11.2,False,0,False,7,7,Russia
68.74000000_161.39280000,68.74,161.3928,20,20,0,none,20,1,1,2003,2022,93.6,103,27.1533655954081,gradual_thinning,high,0.004,0.011,0.015,0.046,0.615,0.324,0.939,True,False,Sen=-1.250 cm/yr; SIG,-1.25,0.115275402447527,-1.57491787358901,-4.8,-0.249038461538462,True,0.106550279486792,0.106550279486792,0.59304,0.05,True,True,True,False,20,20,0.6,-3.5,3.625,False,-8.5,-20.625,-1,True,-1,False,7,7,Russia
68.74170000_161.50420000,68.7417,161.5042,20,20,0,none,20,1,1,2003,2022,127.3,135,25.2567864772598,no_trend,low,0.06,0.314,0.374,0.291,0.229,0.106,0.335,False,False,Sen=-0.028 cm/yr,-0.0277777777777778,0.692246524678637,-0.395808203281074,-4,1.66666666666667,False,0.88956,0.258682663090111,0.88956,0.05,False,False,False,False,20,20,0.833333333333333,-5,2,False,-14.75,-26.75,-1,True,-1,False,7,7,Russia
68.80000000_160.95000000,68.8,160.95,26,28,2,pchip,28,0.928571428571429,2,1996,2023,128.096001796945,128.5,13.5012646312311,gradual_thickening,low,0.081,0.44,0.521,0.32,0.115,0.044,0.159,False,False,Sen=0.500 cm/yr,0.5,0.188955004977204,1.31367675996088,-1.25846153846154,1.66666666666667,False,0.521090294117647,0.146396785944438,0.521090294117647,0.0357142857142857,False,False,False,False,28,28,2,1.91666666666667,5,True,5.2,0.625,11.5333333333333,True,1,False,7,7,Russia
68.81667000_161.00000000,68.81667,161,26,28,2,pchip,28,0.928571428571429,2,1996,2023,78.6026785714286,77.5,10.2931034518572,no_trend,low,0.006,0.157,0.163,0.511,0.272,0.054,0.326,False,False,Sen=0.000 cm/yr,0,0.945753587279635,-0.0680402579900255,-1.4,0.548181818181816,False,0.406988235294118,0.12010629678333,0.406988235294118,0.0178571428571429,False,False,False,False,28,28,-1.46875,-3.66666666666667,-0.46875,True,3,-3.5,6.75,False,0,False,7,7,Russia
68.83333000_161.03330000,68.83333,161.0333,27,28,1,pchip,28,0.964285714285714,2,1996,2023,139.077678571429,131,43.2011495363634,gradual_thickening,moderate,0.087,0.456,0.543,0.267,0.174,0.016,0.19,False,False,Sen=0.500 cm/yr,0.5,0.205057866164768,1.26727251080787,-0.800833333333333,1.75989393939393,False,0.116805987222363,0.116805987222363,0.743225454545455,0.0265625,False,True,False,False,28,28,2.33333333333333,1,6,True,0,-0.675000000000004,7.39999999999999,False,0,False,7,7,Russia
68.92550000_161.50460000,68.9255,161.5046,25,25,0,none,25,1,1,1998,2022,121.08,123,25.6692422950114,gradual_thickening,high,0.114,0.59,0.704,0.233,0.063,0,0.063,True,False,Sen=0.701 cm/yr; SIG,0.700892857142857,0.024380641462572,2.25107730665648,-0.5,1.91666666666667,False,0.114275037958311,0.114275037958311,0.59304,0.04,True,True,True,False,25,25,2.8,1.5,4,True,1,-15,13.3333333333333,False,0,False,7,7,Russia
69.08333000_158.90000000,69.08333,158.9,22,28,6,pchip,28,0.785714285714286,3,1996,2023,79.2634920634921,78.5,13.1189202077766,gradual_thickening,moderate,0.146,0.375,0.521,0.204,0.208,0.067,0.275,False,False,Sen=0.437 cm/yr,0.436574074074075,0.33364302442242,0.966802000079961,-1.5025,2.37800925925926,False,0.136028537335715,0.136028537335715,0.881345550714112,0.0259889140841521,False,True,False,False,28,28,1.33333333333333,-2.2310405643739,8.18342151675485,False,1.76,0.399999999999999,5.33333333333333,True,1,False,7,7,Russia
69.12883000_-148.59280000,69.12883,-148.5928,27,29,2,pchip,29,0.931034482758621,2,1995,2023,21.7729742448875,22,5.06274412650766,transitional,moderate,0,0.612,0.612,0.377,0.01,0.001,0.011,False,False,Sen=0.250 cm/yr; REVERSAL,0.25,0.184415021767818,1.32728319183916,0,0.666666666666667,False,0.170884090909091,0.0511896468425047,0.170884090909091,0.0172413793103448,False,True,False,False,29,29,0.333333333333333,0.333333333333333,1.625,True,-1.2,-1.85406327543424,-0.5,True,-1,True,7,7,Alaska
69.14660000_-148.84830000,69.1466,-148.8483,22,24,2,pchip,27,0.814814814814815,4,1996,2022,63.7740384615385,66,6.75103077914112,gradual_thickening,moderate,0.02,0.518,0.538,0.441,0.021,0,0.021,False,False,Sen=0.375 cm/yr,0.375,0.124694982948579,1.53536179430293,-0.0866943187531423,1,False,0.0531491439062783,0.0531491439062783,0.292027272727273,0.0185185185185185,False,True,False,False,24,27,NaN,NaN,NaN,False,NaN,NaN,NaN,False,0,False,0,0,Alaska
69.16666670_154.43330000,69.1666667,154.4333,19,19,0,none,19,1,1,2005,2023,72.2105263157895,71.8,5.37131214435046,no_trend,low,0.007,0.14,0.147,0.643,0.193,0.017,0.21,False,False,Sen=0.025 cm/yr,0.0250000000000004,0.955742306733988,0.0554972676032884,-0.850000000000001,0.618181818181818,False,0.29652,0.138736162570979,0.29652,0.0210526315789473,False,False,False,False,19,19,-0.0500000000000007,-2.4,5.2,False,1.2,1,3.55,True,1,False,7,7,Russia
69.21889000_-134.29110000,69.21889,-134.2911,11,11,0,none,11,1,1,1998,2008,89.8636363636364,88,7.48695835800797,gradual_thinning,moderate,0.089,0.223,0.312,0.058,0.231,0.399,0.63,False,True,Sen=-0.500 cm/yr; LOW_PWR,-0.5,0.660577396623131,-0.439116123689785,-3.12708333333333,1.75,False,0.255651735232111,0.255651735232111,1.82854,0.136363636363636,False,True,False,True,11,11,-4.625,-6.5,3.5,False,5.125,-3.5,13.75,False,0,False,5,5,Canada
69.31667000_154.98330000,69.31667,154.9833,22,26,4,pchip,26,0.846153846153846,3,1998,2023,76.1307594705537,75.5,6.12357094739866,no_trend,low,0.013,0.098,0.111,0.618,0.267,0.004,0.271,False,False,Sen=0.020 cm/yr,0.0200564971751419,0.84434017536312,0.196344957232718,-0.714285714285714,0.600000000000001,False,0.0768764968316237,0.0768764968316237,0.329466666666667,0.0230769230769231,False,False,False,False,26,26,-0.690235690235696,-2.32744107744108,3.5,False,2.15,0.599999999999994,3,True,1,False,7,7,Russia
69.36917000_-134.94860000,69.36917,-134.9486,11,11,0,none,11,1,1,1998,2008,130,130,1.83030052177231,no_trend,low,0,0.002,0.002,0.917,0.076,0.005,0.081,False,True,Sen=-0.056 cm/yr; LOW_PWR,-0.0555555555555556,0.118627742436763,-1.560559408648,-0.5,0,False,0.060230625,0.0586928385148434,0.060230625,0.0454545454545455,False,False,False,True,11,11,-0.208333333333333,-1.375,1.25,False,0,-2.475,3.25,False,0,False,5,5,Canada
69.38333000_158.46670000,69.38333,158.4667,20,25,5,pchip,28,0.714285714285714,4,1996,2023,52.6353638508928,51.2,8.41313806560795,no_trend,moderate,0.006,0.114,0.12,0.784,0.093,0.003,0.096,True,False,Sen=-0.164 cm/yr; SIG,-0.16421052631579,0.0762285276119987,-1.77300108180802,-0.470392759562842,0.5,False,0.25063,0.102454439623305,0.25063,0.0137909463148316,True,False,False,False,25,28,-2.35445859872611,-5.72485620932094,3.87909836065574,False,-0.5,-5.4,0.0833333333333333,False,0,False,7,7,Russia
69.38353000_158.46670000,69.38353,158.4667,18,21,3,pchip,25,0.72,5,1999,2023,57.4777121374866,56,6.52033584023742,no_trend,moderate,0,0.046,0.046,0.258,0.67,0.026,0.696,False,False,Sen=-0.207 cm/yr,-0.206666666666667,0.471185877904129,-0.72055089092297,-1.20986842105263,0.25,False,0.09475708984632,0.09475708984632,0.388571538461539,0.02,False,True,False,False,21,25,NaN,NaN,NaN,False,NaN,NaN,NaN,False,0,False,0,0,Russia
69.39570000_-152.14280000,69.3957,-152.1428,19,19,0,none,19,1,1,1998,2016,36.1052631578947,35,4.06741436899694,no_trend,low,0.014,0.383,0.397,0.557,0.042,0.004,0.046,False,False,Sen=-0.071 cm/yr,-0.0714285714285714,0.697222941518023,-0.389071924411646,-0.285714285714286,1,False,0.34594,0.0982072722949929,0.34594,0.0263157894736842,False,False,False,False,19,19,-1,-2,4,False,-1,-1.5,1.5,False,0,False,7,7,Alaska
69.43333000_88.46667000,69.43333,88.46667,19,19,0,none,19,1,1,2005,2023,155,160,11.8309856826142,no_trend,low,0.01,0.05,0.06,0.939,0.001,0,0.001,False,False,Sen=0.000 cm/yr,0,0.142751960478252,1.46561955630609,0,0.625,False,0.333217535752582,0.333217535752582,0.192634164614977,0.263157894736842,False,False,False,False,19,19,0,0,5,False,0,0,0,False,0,False,7,7,Russia
69.44100000_-148.67033000,69.441,-148.67033,29,29,0,none,29,1,1,1995,2023,85.0344827586207,84,6.10317691640234,no_trend,moderate,0.016,0.306,0.322,0.616,0.059,0.003,0.062,False,False,Sen=0.073 cm/yr,0.0727513227513227,0.708248287144666,0.374209727842405,-0.333333333333333,0.934404761904759,False,0.0613854946189505,0.0613854946189505,0.263982608695652,0.0172413793103448,False,True,False,False,29,29,-0.5,-5.66666666666667,2,False,-0.833333333333333,-3.66666666666667,1.5,False,0,False,7,7,Alaska
69.48333000_156.98330000,69.48333,156.9833,19,22,3,pchip,26,0.730769230769231,5,1996,2021,61.275,60.2,3.4704106385268,no_trend,low,0.001,0.063,0.064,0.909,0.027,0,0.027,False,False,Sen=0.075 cm/yr,0.0750000000000002,0.299337786015877,1.03785452841262,-0.000812499999999961,0.383333333333332,False,0.124084848484849,0.0597416701373331,0.124084848484849,0.0144230769230769,False,False,False,False,22,26,-1.25,-4,0,False,-0.4,-2.33333333333333,1.08333333333333,False,0,False,5,7,Russia
69.50060000_-148.55920000,69.5006,-148.5592,28,28,0,none,28,1,1,1996,2023,98.25,98.5,6.62556776043745,gradual_thickening,high,0.007,0.852,0.859,0.133,0.008,0,0.008,True,False,Sen=0.512 cm/yr; SIG,0.511904761904762,0.117513296671769,1.56529695551993,0.2,1,True,0.202172727272727,0.0633105616979737,0.202172727272727,0.0178571428571429,True,True,True,False,28,28,-0.666666666666667,-2.5,2.16666666666667,False,0.666666666666667,-1,0.666666666666667,False,0,False,7,7,Alaska
69.67390000_-148.72190000,69.6739,-148.7219,26,27,1,pchip,27,0.962962962962963,2,1996,2022,102.111111111111,100,11.1435850236577,no_trend,low,0.025,0.383,0.408,0.392,0.185,0.015,0.2,False,False,Sen=0.000 cm/yr,0,0.88065795462505,-0.150135193035375,-0.981,1.14285714285714,False,0.123038862095476,0.123038862095476,0.596409545454545,0.037037037037037,False,False,False,False,27,27,-6,-11,-1.875,True,-2.5,-3.83333333333333,-0.75,True,-1,False,7,7,Alaska
69.71667000_66.75000000,69.71667,66.75,29,29,0,none,29,1,1,1995,2023,173.034482758621,179,10.8643675728788,no_trend,low,0.074,0.182,0.256,0.65,0.092,0.002,0.094,False,False,Sen=0.000 cm/yr,0,0.983915590203518,0.0201601837324087,-0.4,1.42857142857143,False,0.27181,0.0772358101624828,0.27181,0.0344827586206897,False,False,False,False,29,29,0,-5.54166666666667,11.5,False,0,0,0,False,0,False,7,7,Russia
69.71972000_-134.46190000,69.71972,-134.4619,10,11,1,pchip,11,0.909090909090909,2,1998,2008,74.4545454545455,73.5,6.53243654946049,no_trend,low,0.186,0.277,0.463,0.222,0.164,0.151,0.315,False,True,Sen=0.111 cm/yr; LOW_PWR,0.111111111111111,0.942387603374507,0.072269290536596,-2.25,2.1,False,0.31415529128228,0.31415529128228,1.4826,0.0909090909090909,False,False,False,True,11,11,-4.75,-8.25,6.33750000000011,False,2.25,-12,7.5,False,0,False,5,5,Canada
69.75160000_-154.61760000,69.7516,-154.6176,18,18,0,none,18,1,1,1999,2016,119.166666666667,120,2.43141208064005,no_trend,low,0,0.001,0.001,0.999,0,0,0,False,False,Sen=0.000 cm/yr,0,0.176977337146269,1.35012048905711,0,0,False,0.0677256427700361,0.0677256427700361,0.00651857137355738,0.0555555555555556,False,False,False,False,18,18,0,-1,0.787499999999994,False,0,0,0,False,0,False,7,7,Alaska
69.77760000_-144.79330000,69.7776,-144.7933,12,12,0,none,15,0.8,4,2002,2016,50.1666666666667,46,12.6191292981102,no_trend,low,0.181,0.118,0.299,0.21,0.31,0.181,0.491,False,False,Sen=-0.136 cm/yr,-0.136363636363636,0.834082147580745,-0.209468981317078,-3.57142857142857,5,False,1.07825454545455,0.290635823978955,1.07825454545455,0.1,False,False,False,False,12,15,NaN,NaN,NaN,False,NaN,NaN,NaN,False,0,False,0,0,Alaska
69.85000000_159.50000000,69.85,159.5,22,25,3,pchip,25,0.88,3,1999,2023,67.5720474055093,62,26.507701141823,no_trend,low,0.042,0.192,0.234,0.359,0.334,0.073,0.407,False,False,Sen=0.061 cm/yr,0.0606617647058824,0.851708737606734,0.186938646685177,-1.56416126619602,1.25,False,0.105115190880106,0.105115190880106,0.661467692307692,0.04,False,False,False,False,25,25,5.5,0.859657864142171,7.91008553396446,True,0.6,-2,4,False,0,False,7,7,Russia
69.88940000_-142.98390000,69.8894,-142.9839,15,15,0,none,15,1,1,2001,2015,47.8666666666667,45,12.6483576950113,rapid_thickening,moderate,0.699,0.236,0.935,0.03,0.016,0.019,0.035,False,False,Sen=1.889 cm/yr,1.88888888888889,0.102789408849274,1.63147842411035,0,3.625,False,0.243138689219265,0.243138689219265,1.39468942307692,0.0666666666666667,False,True,False,False,15,15,5.6,2.75,7,True,0,-5,8,False,0,False,7,7,Alaska
69.98962000_-153.09380000,69.98962,-153.0938,19,19,0,none,19,1,1,1998,2016,43.1578947368421,42,5.8429744888364,gradual_thinning,high,0.004,0.042,0.046,0.448,0.486,0.02,0.506,True,False,Sen=-0.375 cm/yr; SIG,-0.375,0.0763909227908079,-1.77202189494519,-0.75,0.285714285714286,False,0.291451282051282,0.111751524984894,0.291451282051282,0.0263157894736842,True,True,True,False,19,19,1,-2,7,False,-1,-1.45,0.666666666666667,False,0,False,7,7,Alaska
70.03660000_-157.08140000,70.0366,-157.0814,13,13,0,none,13,1,1,2004,2016,48.7692307692308,50,6.53393508479444,no_trend,moderate,0.114,0.184,0.298,0.198,0.428,0.076,0.504,False,False,Sen=-0.208 cm/yr,-0.208333333333333,0.792196327747233,-0.263459639767815,-1.43035714285714,1.875,False,0.144101460174429,0.144101460174429,0.9884,0.0769230769230769,False,True,False,False,13,13,4.33333333333333,0,7.5,False,-1.5,-4,-0.5,True,-1,False,6,6,Alaska
70.08333000_159.58330000,70.08333,159.5833,23,25,2,pchip,25,0.92,2,1999,2023,57.44,57,7.56158052261563,no_trend,low,0.012,0.096,0.108,0.423,0.431,0.038,0.469,False,False,Sen=0.000 cm/yr,0,1,0,-1.2,0.5,False,0.0992362720035342,0.0992362720035342,0.44831,0.02,False,False,False,False,25,25,2.5,2.5,4.8125,True,0.559999999999999,-0.600000000000001,1.275,False,0,False,7,7,Russia
70.08333000_159.91670000,70.08333,159.9167,22,24,2,pchip,24,0.916666666666667,2,2000,2023,64.1583333333333,64.7,11.6689449121298,no_trend,low,0.037,0.143,0.18,0.356,0.346,0.118,0.464,False,False,Sen=-0.148 cm/yr,-0.148351648351648,0.584652555188284,-0.546601475477759,-2,1.1,False,0.548562,0.177157831987439,0.548562,0.0416666666666667,False,False,False,False,24,24,3.375,-2.33333333333333,6.5,False,-0.533333333333334,-4,4.4,False,0,False,7,7,Russia
70.16130000_-148.46530000,70.1613,-148.4653,24,27,3,pchip,27,0.888888888888889,3,1996,2022,85.9377967711301,86,5.09991265593249,gradual_thickening,moderate,0.004,0.662,0.666,0.302,0.032,0,0.032,False,False,Sen=0.357 cm/yr,0.357142857142857,0.159782255612654,1.40580426374722,0,0.75,False,0.185325,0.0537492804148324,0.185325,0.0185185185185185,False,True,False,False,27,27,0,-1,3.5,False,-0.333333333333333,-4.5,0.993827160493826,False,0,False,7,7,Alaska
70.19590000_-161.07810000,70.1959,-161.0781,19,19,0,none,19,1,1,1998,2016,52.8421052631579,54,8.27488273092292,gradual_thickening,moderate,0.379,0.503,0.882,0.064,0.038,0.016,0.054,False,False,Sen=0.933 cm/yr,0.933333333333333,0.220759810231411,1.2245102282061,-0.375,2.5,False,0.0758028783903878,0.0758028783903878,0.645829545454545,0.0263157894736842,False,True,False,False,19,19,0.333333333333333,-0.875,6.5,False,-2.4,-3,-1.33333333333333,True,-1,False,7,7,Alaska
70.27417000_68.89078000,70.27417,68.89078,9,9,0,none,9,1,1,2014,2022,59.6666666666667,61,6.70820393249937,gradual_thickening,low,0.31,0.35,0.66,0.085,0.138,0.117,0.255,False,True,Sen=0.833 cm/yr; LOW_PWR,0.833333333333333,0.529368106184798,0.628970902033151,-2,5,False,1.30963,0.469321415058977,1.30963,0.166666666666667,False,False,False,True,9,9,NaN,NaN,NaN,False,NaN,NaN,NaN,False,0,False,0,0,Russia
70.27500000_-148.91900000,70.275,-148.919,28,29,1,pchip,29,0.96551724137931,2,1995,2023,56.801439939371,57,6.00540289214614,no_trend,moderate,0.01,0.566,0.576,0.415,0.009,0,0.009,False,False,Sen=0.250 cm/yr,0.25,0.265363419353452,1.11380367661485,0,1,False,0.218318465909091,0.0704437171654546,0.218318465909091,0.0172413793103448,False,True,False,False,29,29,-1,-5,1.125,False,-1.25274725274725,-3.68543956043956,1.5,False,0,False,7,7,Alaska
70.27550000_68.89164000,70.2755,68.89164,16,16,0,none,16,1,1,2007,2022,104.6875,102.5,18.0618151542603,no_trend,low,0.221,0.306,0.527,0.195,0.217,0.061,0.278,False,False,Sen=0.286 cm/yr,0.286363636363636,0.542670873751725,0.608779092240001,-1.45833333333333,2.51136363636363,False,1.2355,0.368226586742915,1.2355,0.09375,False,False,False,False,16,16,3.33333333333333,-0.333333333333333,9.5,False,0,-34,3,False,0,False,7,7,Russia
70.28333000_-148.86670000,70.28333,-148.8667,28,29,1,pchip,29,0.96551724137931,2,1995,2023,107.587511863334,103,10.3525493428251,no_trend,low,0.025,0.535,0.56,0.422,0.014,0.004,0.018,False,False,Sen=0.125 cm/yr,0.125,0.259181366735718,1.12832813235912,0,1.24086538461538,False,0.515837767379679,0.132117470085136,0.515837767379679,0.0172413793103448,False,False,False,False,29,29,-2.16666666666667,-2.75,8.00624999999977,False,-2.25,-7.60607798165137,1.5,False,0,False,7,7,Alaska
70.28333000_68.90000000,70.28333,68.9,29,30,1,pchip,30,0.966666666666667,2,1993,2022,144.833333333333,146.5,17.2688344620638,transitional,high,0.389,0.492,0.881,0.086,0.03,0.003,0.033,True,False,Sen=1.250 cm/yr; SIG; REVERSAL,1.25,0.0512626504873046,1.94927451393062,0,2,False,0.133540702705452,0.133540702705452,0.658933333333333,0.05,True,True,True,False,30,30,5.75,5.25,12,True,-2,-4,-0.25,True,-1,True,7,7,Russia
70.28350000_-148.89280000,70.2835,-148.8928,28,29,1,pchip,29,0.96551724137931,2,1995,2023,67.6551724137931,68,6.70967245351795,no_trend,low,0,0.078,0.078,0.773,0.149,0,0.149,False,False,Sen=0.000 cm/yr,0,0.796384201620747,-0.258029420417545,-0.500961538461538,0.4,False,0.21153525,0.0866082923710278,0.21153525,0.0344827586206897,False,False,False,False,29,29,-1.2,-4,0.0833333333333333,False,0,-1,0,False,0,False,7,7,Alaska
70.29550000_68.88347000,70.2955,68.88347,16,16,0,none,16,1,1,2007,2022,104.5,100.5,18.0739222823013,rapid_thickening,high,0.825,0.112,0.937,0.024,0.017,0.022,0.039,True,False,Sen=2.875 cm/yr; SIG,2.875,0.080455203047183,1.74805096327523,0,4.25,False,0.90015,0.358942653547491,0.90015,0.09375,True,True,True,False,16,16,2.5,-1,7,False,5.8,-25.5,11.825,False,0,False,7,7,Russia
70.30139000_68.84131000,70.30139,68.84131,16,16,0,none,16,1,1,2007,2022,138.125,138.5,15.5214904782584,rapid_thickening,moderate,0.483,0.316,0.799,0.059,0.06,0.082,0.142,False,False,Sen=1.400 cm/yr,1.4,0.147236991881824,1.44936029122449,-2.6,5,False,1.1649,0.383988263632032,1.1649,0.09375,False,True,False,False,16,16,4.6,0,12,False,-2.75,-16.5,5.5,False,0,False,7,7,Russia
70.33523000_-152.05200000,70.33523,-152.052,19,19,0,none,19,1,1,1998,2016,29.9473684210526,29,2.65567911821955,no_trend,moderate,0,0.259,0.259,0.719,0.022,0,0.022,False,False,Sen=0.077 cm/yr,0.0769230769230769,0.126744525252688,1.52706630234151,-0.172857142857143,0.5,False,0.0528028433532976,0.0528028433532976,0.2118,0.0263157894736842,False,True,False,False,19,19,0,-1,3.5,False,-0.8,-1.125,0.5,False,0,False,7,7,Alaska
70.36667000_-148.56670000,70.36667,-148.5667,28,29,1,pchip,29,0.96551724137931,2,1995,2023,94.1212549462973,93,9.37003599125621,no_trend,moderate,0.023,0.643,0.666,0.263,0.068,0.003,0.071,False,False,Sen=0.296 cm/yr,0.295833333333333,0.311538511410526,1.0119990421402,-0.416666666666667,1.063125,False,0.0947015900106823,0.0947015900106823,0.4942,0.0172413793103448,False,True,False,False,29,29,-2.3,-3.6875,-1.9375,True,-0.3,-4.60416666666667,0.752732240437159,False,0,False,7,7,Alaska
70.45000000_-157.40000000,70.45,-157.4,29,29,0,none,29,1,1,1995,2023,116.465517241379,117.5,17.4667699986916,gradual_thickening,low,0.146,0.683,0.829,0.148,0.02,0.003,0.023,False,False,Sen=0.444 cm/yr,0.444444444444444,0.281390378695367,1.07720122375758,0,1.6547619047619,False,0.472057272727273,0.177924008652539,0.472057272727273,0.0301724137931034,False,False,False,False,29,29,0,-6.66666666666667,1.125,False,-2.16666666666667,-5.4375,3.25,False,0,False,7,7,Alaska
70.55000000_147.43330000,70.55,147.4333,16,18,2,pchip,18,0.888888888888889,3,2004,2021,68.5492402659069,68.7421652421652,4.08584231373498,no_trend,low,0.007,0.085,0.092,0.565,0.34,0.003,0.343,False,False,Sen=0.060 cm/yr,0.0599999999999994,0.801312199391232,0.251649234396608,-0.666666666666667,0.506249999999994,False,0.0742048618755994,0.0742048618755994,0.304782512402128,0.0277777777777778,False,False,False,False,18,18,1.16666666666667,0,1.66666666666667,False,1.51566951566952,-1.5,1.8019943019943,False,0,False,7,7,Russia
70.56850000_-152.96500000,70.5685,-152.965,13,13,0,none,13,1,1,2004,2016,31.4615384615385,32,4.23507938956254,gradual_thickening,moderate,0.062,0.543,0.605,0.208,0.145,0.042,0.187,False,False,Sen=0.477 cm/yr,0.477272727272727,0.434797292364308,0.781008845285243,-1.25,1.46607142857143,False,0.10551577184948,0.10551577184948,0.79425,0.0384615384615385,False,True,False,False,13,13,2,0,3,False,-1.33333333333333,-3,3,False,0,False,6,6,Alaska
70.62850000_-156.83530000,70.6285,-156.8353,11,11,0,none,11,1,1,2004,2014,41.0909090909091,41,2.25630429927106,no_trend,moderate,0.001,0.681,0.682,0.289,0.027,0.002,0.029,False,True,Sen=0.286 cm/yr; LOW_PWR,0.285714285714286,0.449954548405616,0.755490803283891,-0.125,0.791666666666667,False,0.23298,0.131834804689517,0.23298,0.0454545454545455,False,True,False,True,11,11,-0.833333333333333,-3,0.75,False,-1,-2,2.33333333333333,False,0,False,5,5,Alaska
70.86450000_-153.90670000,70.8645,-153.9067,19,19,0,none,19,1,1,1998,2016,39.2631578947368,40,4.71218403318176,gradual_thickening,high,0.016,0.927,0.943,0.052,0.004,0.001,0.005,True,False,Sen=0.500 cm/yr; SIG,0.5,0.109471396659728,1.60057358528545,0.285714285714286,1.13392857142857,True,0.0546776700318274,0.0546776700318274,0.2471,0.0263157894736842,True,True,True,False,19,19,-1.5,-2,4.5,False,-0.4,-1.16666666666667,2,False,0,False,7,7,Alaska
71.31667000_-156.60000000,71.31667,-156.6,40,42,2,pchip,62,0.645161290322581,21,1962,2023,65.2173561473503,65,8.3632831169159,no_trend,low,0,0.046,0.046,0.952,0.002,0,0.002,False,False,Sen=0.000 cm/yr,0,0.846317397014348,-0.193819271061481,-0.176470588235294,0.3,False,0.0318960215794559,0.0318960215794559,0.146079705882353,0.00806451612903226,False,False,False,False,42,62,3.875,1.58333333333333,10.5,True,0,-4,1.5,False,0,False,7,7,Alaska
71.78550000_129.41920000,71.7855,129.4192,21,23,2,pchip,23,0.91304347826087,2,2001,2023,45.5444444444445,50,13.4199338306102,no_trend,moderate,0.105,0.235,0.34,0.42,0.161,0.079,0.24,False,False,Sen=0.188 cm/yr,0.1875,0.479022952737205,0.707874892510268,-2.72840909090909,2,False,0.0954086356100988,0.0954086356100988,0.522168461538461,0.0225845410628019,False,True,False,False,23,23,0,-1.375,11,False,1.5,0.25,4.2,True,1,False,7,7,Russia
71.78550000_71.41917000,71.7855,71.41917,19,20,1,pchip,20,0.95,2,2004,2023,52.26,51.5,7.44413580576932,gradual_thickening,moderate,0.069,0.275,0.344,0.264,0.342,0.05,0.392,False,False,Sen=0.343 cm/yr,0.343137254901961,0.535175221885714,0.620125413556446,-1.29375,1.36363636363636,False,0.133688999315619,0.133688999315619,0.823666666666667,0.025,False,True,False,False,20,20,1,-7,3.625,False,2.75,2.25,8.6,True,1,False,7,7,Russia
72.81072000_-79.32928000,72.81072,-79.32928,9,10,1,pchip,10,0.9,2,2009,2018,59.93125,60.25,4.71611175328198,gradual_thinning,high,0.002,0.009,0.011,0.044,0.792,0.153,0.945,True,True,Sen=-0.750 cm/yr; SIG; LOW_PWR,-0.75,0.0672531087161643,-1.82997880183305,-1.875,-0.25,True,0.306118400105812,0.306118400105812,0.2779875,0.05,True,True,True,True,10,10,-0.65625,-3.5,1.86249999999993,False,-0.3125,-9.66666666666667,7,False,0,False,5,5,Canada
73.00540000_-80.68725000,73.0054,-80.68725,9,11,2,pchip,11,0.818181818181818,3,2008,2018,71.6060606060606,67.5,11.5817066415862,rapid_thinning,high,0.01,0.009,0.019,0.005,0.004,0.972,0.976,True,True,Sen=-3.245 cm/yr; SIG; LOW_PWR,-3.24537037037037,0.0670888937604015,-1.83107805322216,-4.58333333333333,-1.5,True,0.813861111111115,0.25049011577073,0.813861111111115,0.102272727272727,True,True,True,True,11,11,-4.18055555555555,-6.63888888888889,-0.361111111111111,True,-1,-9.69999999999999,2.5,False,0,False,5,5,Canada
74.46600000_-20.56430000,74.466,-20.5643,29,29,0,none,29,1,1,1996,2024,102.793103448276,102,11.7818847338519,gradual_thickening,high,0.156,0.791,0.947,0.04,0.01,0.003,0.013,True,False,Sen=1.019 cm/yr; SIG,1.01923076923077,0.0427583814122152,2.02606248930779,0.25,1.76923076923077,True,0.328410683760684,0.0999330400410208,0.328410683760684,0.0172413793103448,True,True,True,False,29,29,0.2,-1.5,0.875,False,4.66666666666667,4,10.6666666666667,True,1,False,7,7,Greenland
74.47300000_-20.55280000,74.473,-20.5528,29,29,0,none,29,1,1,1996,2024,90.1724137931034,93,9.52466334432142,gradual_thickening,high,0.035,0.912,0.947,0.041,0.01,0.002,0.012,True,False,Sen=0.667 cm/yr; SIG,0.666666666666667,0.0444784523330974,2.00955363788454,0.294117647058824,1.19095238095238,True,0.0486941479307953,0.0486941479307953,0.2471,0.0172413793103448,True,True,True,False,29,29,1,0.125,7,True,0,-2,15,False,0,False,7,7,Greenland
77.52900000_14.49300000,77.529,14.493,11,13,2,pchip,13,0.846153846153846,2,1986,1998,163.989718202589,165,12.1470140788725,no_trend,low,0.164,0.139,0.303,0.192,0.108,0.397,0.505,False,False,Sen=0.106 cm/yr,0.105555555555556,0.666252313441374,0.431297162275734,-2.88366336633663,3,False,0.467093410029036,0.467093410029036,1.90267,0.192307692307692,False,False,False,False,13,13,3.33333333333333,-5,16,False,-5,-9.35416666666666,1.75,False,0,False,6,6,Svalbard
77.53100000_14.48300000,77.531,14.483,10,11,1,pchip,11,0.909090909090909,2,1986,1996,98.1613123718387,97,12.9256607049622,gradual_thinning,low,0.147,0.221,0.368,0.067,0.256,0.309,0.565,False,True,Sen=-1.000 cm/yr; LOW_PWR,-1,0.710954283139164,-0.370574761439446,-7,3.5,False,2.2239,0.646573076388976,2.2239,0.227272727272727,False,False,False,True,11,11,1.25,-23.5,17,False,6.38721804511278,-18,9.36278195488722,False,0,False,5,5,Svalbard
77.53300000_14.49300000,77.533,14.493,9,10,1,pchip,10,0.9,2,1987,1996,139.074514563107,129,25.499179734559,rapid_thickening,moderate,0.645,0.118,0.763,0.081,0.002,0.154,0.156,False,True,Sen=4.436 cm/yr; LOW_PWR,4.43628640776699,0.368504837964444,0.899277558058591,-10.3606492718446,15,False,0.862480385889155,0.862480385889155,7.9072,0.2,False,True,False,True,10,10,9.5,6,15,True,-17.686286407767,-27.254854368932,0,False,0,False,5,5,Svalbard
77.53900000_14.49300000,77.539,14.493,9,10,1,pchip,10,0.9,2,1987,1996,123.65,133,35.9846031889566,rapid_thickening,moderate,0.554,0.037,0.591,0.053,0.01,0.346,0.356,False,True,Sen=3.750 cm/yr; LOW_PWR,3.75,0.40287866619776,0.836491127298261,-11.75,22.5,False,2.09067705673439,2.09067705673439,9.2477175,0.75,False,True,False,True,10,10,-22.75,-51,11.8999999999982,False,6.875,-15,22.5,False,0,False,5,5,Svalbard
77.54300000_14.51300000,77.543,14.513,11,13,2,pchip,13,0.846153846153846,2,1986,1998,92.6602564102564,87.5833333333333,12.2298805649311,no_trend,low,0.1,0.154,0.254,0.271,0.265,0.21,0.475,False,False,Sen=0.000 cm/yr,0,1,0,-3.66666666666667,3,False,1.00159738636363,0.432791994706108,1.00159738636363,0.104166666666666,False,False,False,False,13,13,4,-3.5,13.25,False,1,-3,11.5833333333333,False,0,False,6,6,Svalbard
77.54300000_14.53300000,77.543,14.533,11,13,2,pchip,13,0.846153846153846,2,1986,1998,124.294871794872,124,14.6502676385226,rapid_thickening,high,0.714,0.141,0.855,0.046,0.068,0.031,0.099,True,False,Sen=2.694 cm/yr; SIG,2.69444444444444,0.0875701369916708,1.70835691279276,-0.5,3.66666666666667,False,1.2708,0.458627983772677,1.2708,0.134615384615385,True,True,True,False,13,13,4,-1.5,17.25,False,4,1.33333333333333,9.83333333333331,True,1,False,6,6,Svalbard
77.54300000_14.55300000,77.543,14.553,11,13,2,pchip,13,0.846153846153846,2,1986,1998,163.979203935599,165,12.5936002227987,rapid_thinning,moderate,0.069,0.06,0.129,0.032,0.13,0.709,0.839,False,False,Sen=-1.528 cm/yr,-1.52777777777778,0.289982090429324,-1.05816090721445,-6.09660852713178,1.66666666666667,False,1.40847,0.398965229008265,1.40847,0.178667262969588,False,True,False,False,13,13,4,-7.75,12,False,-6.99321705426357,-10,0.375,False,0,False,6,6,Svalbard
77.54500000_14.49300000,77.545,14.493,9,10,1,pchip,10,0.9,2,1987,1996,152.173076923077,160,27.4070376009369,gradual_thickening,low,0.382,0.053,0.435,0.181,0.096,0.288,0.384,False,True,Sen=1.111 cm/yr; LOW_PWR,1.11111111111111,0.864294428241165,0.170910133857412,-14,11,False,3.64947692307692,1.10696039590579,3.64947692307692,0.336538461538461,False,False,False,True,10,10,-15.8333333333333,-45,-3,True,-4.13461538461539,-6.73076923076923,62,False,0,False,5,5,Svalbard
77.54800000_14.47300000,77.548,14.473,10,11,1,pchip,11,0.909090909090909,2,1986,1996,127.545454545455,125,7.80209762004599,no_trend,low,0.117,0.15,0.267,0.256,0.248,0.229,0.477,False,True,Sen=-0.222 cm/yr; LOW_PWR,-0.222222222222222,0.829966235717208,-0.214744872127131,-2.14285714285714,2.5,False,1.13254166666667,0.39423570312081,1.13254166666667,0.0909090909090909,False,False,False,True,11,11,4.25,-13.25,5.66666666666667,False,-2.33333333333333,-10,15,False,0,False,5,5,Svalbard
77.54800000_14.48800000,77.548,14.488,10,11,1,pchip,11,0.909090909090909,2,1986,1996,114.425465838509,115,7.15480488742515,gradual_thinning,low,0.029,0.254,0.283,0.204,0.3,0.213,0.513,False,True,Sen=-0.667 cm/yr; LOW_PWR,-0.666666666666667,0.232470610981112,-1.19401880800596,-2.66666666666667,1.22704081632653,False,1.173725,0.304433633038025,1.173725,0.0909090909090909,False,False,False,True,11,11,1.91666666666667,-7.35,6.5,False,-5.40993788819876,-8.68012422360248,11,False,0,False,5,5,Svalbard
77.54800000_14.50300000,77.548,14.503,10,11,1,pchip,11,0.909090909090909,2,1986,1996,129.636363636364,127,8.30990646484938,gradual_thickening,moderate,0.463,0.188,0.651,0.289,0.057,0.003,0.06,False,True,Sen=1.000 cm/yr; LOW_PWR,1,0.256918242297702,1.1337051651674,-0.6,2.5,False,0.233880720828496,0.233880720828496,1.2708,0.0681818181818182,False,True,False,True,11,11,2.25,-17,9.5,False,0,-5.625,13.5,False,0,False,5,5,Svalbard
77.55800000_14.43300000,77.558,14.433,11,13,2,pchip,13,0.846153846153846,2,1986,1998,122.150641025641,125,14.424607824736,rapid_thickening,moderate,0.514,0.11,0.624,0.118,0.14,0.118,0.258,False,False,Sen=1.739 cm/yr,1.73863636363636,0.245896462495106,1.1603742585931,-2.875,5,False,0.412244530792439,0.412244530792439,1.92532083333333,0.153846153846154,False,True,False,False,13,13,7.4,-6,17,False,3.25,1.45833333333334,6.5,True,1,False,6,6,Svalbard
77.55800000_14.46300000,77.558,14.463,11,13,2,pchip,13,0.846153846153846,2,1986,1998,158.541409437772,165,19.5840876527389,gradual_thinning,moderate,0.328,0.115,0.443,0.068,0.093,0.396,0.489,False,False,Sen=-0.995 cm/yr,-0.994897959183675,0.826788028606161,-0.218822872945925,-4.64655934343434,3.11596938775509,False,0.603049805961751,0.603049805961751,2.7181,0.192307692307692,False,True,False,False,13,13,0,-12.75,2,False,-13.0281186094069,-16.9718813905931,-1.49489795918367,True,-1,False,6,6,Svalbard
77.55800000_14.49300000,77.558,14.493,11,13,2,pchip,13,0.846153846153846,2,1986,1998,162.476115938325,165,20.2532527452543,gradual_thickening,low,0.435,0.169,0.604,0.18,0.137,0.079,0.216,False,False,Sen=0.366 cm/yr,0.366010866555926,0.713568658967002,0.367067513416092,-1.66666666666667,3.75,False,1.81795,0.497624872222096,1.81795,0.115384615384615,False,False,False,False,13,13,-1.5,-7,8,False,-6.60349760059062,-17.8104928017719,0,False,0,False,6,6,Svalbard
77.55800000_14.52300000,77.558,14.523,10,12,2,pchip,12,0.833333333333333,2,1987,1998,177.177478902954,174.5,10.2015770278224,gradual_thinning,low,0.157,0.101,0.258,0.122,0.253,0.367,0.62,False,False,Sen=-0.889 cm/yr,-0.888888888888889,0.274305875286028,-1.09320027739295,-6,5,False,1.4826,0.400364297225443,1.4826,0.125,False,False,False,False,12,12,-1.25,-13,8.75,False,-6,-11,0.25,False,0,False,6,6,Svalbard
77.55800000_14.55300000,77.558,14.553,11,13,2,pchip,13,0.846153846153846,2,1986,1998,68.9856711915535,69.3970588235294,6.71851875454464,no_trend,low,0.04,0.098,0.138,0.387,0.377,0.098,0.475,False,False,Sen=0.000 cm/yr,0,1,0,-1.70833333333333,0.781565656565656,False,0.461495588235275,0.30347287037894,0.461495588235275,0.123397435897436,False,False,False,False,13,13,2,-4,7.5,False,-0.60294117647058,-1.41053921568628,2.41666666666666,False,0,False,6,6,Svalbard
77.55800000_14.58300000,77.558,14.583,10,12,2,pchip,12,0.833333333333333,2,1987,1998,152.141816686024,150.613095238095,13.9225273043019,rapid_thickening,moderate,0.634,0.117,0.751,0.099,0.127,0.023,0.15,False,False,Sen=2.333 cm/yr,2.33333333333333,0.274379676672485,1.09303216707671,-0.773809523809518,5.49186991869918,False,0.514770429962708,0.514770429962708,2.471,0.145833333333333,False,True,False,False,12,12,4,-5.5,7,False,-3.69345238095238,-10.2378048780488,5.48780487804878,False,0,False,6,6,Svalbard
77.57100000_14.47300000,77.571,14.473,10,11,1,pchip,11,0.909090909090909,2,1986,1996,144,156,20.4205778566621,rapid_thickening,moderate,0.644,0.006,0.65,0.262,0.063,0.025,0.088,False,True,Sen=4.000 cm/yr; LOW_PWR,4,0.138243698772758,1.48236313031166,-0.860714285714285,10,False,0.869394082041609,0.869394082041609,3.9536,0.272727272727273,False,True,False,True,11,11,1.54166666666667,-31.5,42.75,False,0,-1.33333333333333,20,False,0,False,5,5,Svalbard
77.57300000_14.45300000,77.573,14.453,10,11,1,pchip,11,0.909090909090909,2,1986,1996,112.504098360656,116,13.4649278914822,no_trend,low,0.331,0.275,0.606,0.073,0.206,0.115,0.321,False,True,Sen=0.125 cm/yr; LOW_PWR,0.125,1,0,-3.5,3.45491803278688,False,2.186835,0.852935482444834,2.186835,0.169429955290611,False,False,False,True,11,11,-3.33333333333333,-22.625,17,False,6.625,1.13662909836065,23,True,1,False,5,5,Svalbard
77.57700000_14.47300000,77.577,14.473,10,11,1,pchip,11,0.909090909090909,2,1986,1996,118.487762237762,115,27.4053215159222,gradual_thickening,low,0.458,0.226,0.684,0.117,0.108,0.091,0.199,False,True,Sen=0.625 cm/yr; LOW_PWR,0.625,0.645721087391549,0.459714601577071,-2.5,5,False,1.44933653846154,1.11638165723118,1.44933653846154,0.227272727272727,False,False,False,True,11,11,-3.66666666666667,-27,10,False,-2.06730769230769,-4.18269230769231,10,False,0,False,5,5,Svalbard
77.57800000_14.45300000,77.578,14.453,10,11,1,pchip,11,0.909090909090909,2,1986,1996,127.590909090909,130,8.08337238353579,rapid_thickening,moderate,0.802,0.116,0.918,0.028,0.037,0.017,0.054,False,True,Sen=1.429 cm/yr; LOW_PWR,1.42857142857143,0.124161021250385,1.53754043451926,-0.428571428571429,2.8,False,0.443313947481227,0.443313947481227,0.432425,0.0909090909090909,False,True,False,True,11,11,-0.25,-19,5.75,False,-0.958333333333333,-10,2.5,False,0,False,5,5,Svalbard
77.58300000_14.45300000,77.583,14.453,10,11,1,pchip,11,0.909090909090909,2,1986,1996,120.77479338843,118,10.8296179743134,no_trend,low,0.253,0.207,0.46,0.189,0.166,0.185,0.351,False,True,Sen=0.000 cm/yr; LOW_PWR,0,0.809073070447065,-0.241622004030251,-4,3.66666666666667,False,1.4826,0.70810271635386,1.4826,0.136363636363636,False,False,False,True,11,11,1.5,-12,11.5,False,-4.38068181818182,-7.5,13.7116477272724,False,0,False,5,5,Svalbard
77.58300000_14.47300000,77.583,14.473,10,11,1,pchip,11,0.909090909090909,2,1986,1996,137,135,15.8808060248843,gradual_thinning,high,0.006,0.035,0.041,0.02,0.559,0.38,0.939,True,True,Sen=-1.000 cm/yr; SIG; LOW_PWR,-1,0.0636034159928192,-1.85494965662411,-5,0,False,0.4589,0.409924325468008,0.4589,0.136363636363636,True,True,True,True,11,11,-4.125,-38.75,20,False,-0.75,-5,1,False,0,False,5,5,Svalbard
78.17930000_16.46700000,78.1793,16.467,27,27,0,none,27,1,1,1998,2024,178.481481481481,180,14.887708844677,rapid_thickening,high,0.538,0.46,0.998,0.001,0.001,0,0.001,True,False,Sen=1.579 cm/yr; SIG,1.57894736842105,0.0482087166790763,1.97552397439214,0.857142857142857,1.75,True,0.37065,0.109811738529983,0.37065,0.037037037037037,True,True,True,False,27,27,3.66666666666667,2.5,4.29166666666667,True,3.75,-2.375,16.5,False,0,False,7,7,Svalbard
78.20095600_15.83641200,78.200956,15.836412,21,21,0,none,21,1,1,2000,2020,116.142857142857,117,8.25400335767871,gradual_thickening,moderate,0.063,0.76,0.823,0.156,0.021,0,0.021,False,False,Sen=0.553 cm/yr,0.552777777777778,0.175841234447896,1.35367140635633,0,1.33333333333333,False,0.4236,0.131928956974122,0.4236,0.0238095238095238,False,True,False,False,21,21,-0.75,-5.41666666666667,4.5,False,-0.5,-2.25,1,False,0,False,7,7,Svalbard
81.40072000_-76.70937000,81.40072,-76.70937,20,20,0,none,20,1,1,1999,2018,73.735,73,4.42183874589936,gradual_thickening,high,0.009,0.897,0.906,0.094,0,0,0,True,False,Sen=0.578 cm/yr; SIG,0.578125000000002,0.077951319286951,1.76269870508429,0.179166666666667,1.00821875,True,0.208093499999999,0.0698576766624085,0.208093499999999,0.01625,True,True,True,False,20,20,0.575000000000003,-0.133333333333334,0.924999999999997,False,0.3,-3,3.25,False,0,False,7,7,Canada
